{
    "model":    {
        "type": "select",
        "property": "custom_model_data",
        "fallback": {
            "type": "model",
            "model": "item/paper"
        },
        "cases":    [
            { "when": "book1", "model": {"type": "model", "model": "item/book1"}},
            { "when": "book2", "model": {"type": "model", "model": "item/book2"}},
            { "when": "book3", "model": {"type": "model", "model": "item/book3"}},
            { "when": "chest1", "model": {"type": "model", "model": "item/chest1"}},
            { "when": "chest2", "model": {"type": "model", "model": "item/chest2"}},
            { "when": "chest3", "model": {"type": "model", "model": "item/chest3"}},
            { "when": "chest4", "model": {"type": "model", "model": "item/chest4"}},
            { "when": "mul2", "model": {"type": "model", "model": "item/mul2"}},
            { "when": "mul3", "model": {"type": "model", "model": "item/mul3"}},
            { "when": "mul1", "model": {"type": "model", "model": "item/mul1"}},
            { "when": "1", "model": {"type": "model", "model": "item/1"}},
            { "when": "2", "model": {"type": "model", "model": "item/2"}},
            { "when": "3", "model": {"type": "model", "model": "item/3"}},
            { "when": "4", "model": {"type": "model", "model": "item/4"}},
            { "when": "5", "model": {"type": "model", "model": "item/5"}},
            { "when": "6", "model": {"type": "model", "model": "item/6"}},
            { "when": "7", "model": {"type": "model", "model": "item/7"}},
            { "when": "8", "model": {"type": "model", "model": "item/8"}},
            { "when": "9", "model": {"type": "model", "model": "item/9"}},
            { "when": "10", "model": {"type": "model", "model": "item/10"}},
            { "when": "11", "model": {"type": "model", "model": "item/11"}},
            { "when": "12", "model": {"type": "model", "model": "item/12"}}
        ]
    }
}