{
    "model":    {
        "type": "select",
        "property": "custom_model_data",
        "fallback": {
            "type": "model",
            "model": "item/paper"
        },
        "cases":    [
            { "when": "book1", "model": {"type": "model", "model": "item/book1"}},
            { "when": "book2", "model": {"type": "model", "model": "item/book2"}},
            { "when": "book3", "model": {"type": "model", "model": "item/book3"}},
            { "when": "chest1", "model": {"type": "model", "model": "item/chest1"}},
            { "when": "chest2", "model": {"type": "model", "model": "item/chest2"}},
            { "when": "chest3", "model": {"type": "model", "model": "item/chest3"}},
            { "when": "chest4", "model": {"type": "model", "model": "item/chest4"}},
            { "when": "mul2", "model": {"type": "model", "model": "item/mul2"}},
            { "when": "mul3", "model": {"type": "model", "model": "item/mul3"}},
            { "when": "mul1", "model": {"type": "model", "model": "item/mul1"}}
        ]
    }
}